name,surname,email,mobile,telephone,remarks,groups,password
warningly,warningly,warninglywhackers@filler.co.za,,0,Good,enabled,warningly
unwounded,unwounded,unwoundedwheedlers@filler.co.za,,0,Good,enabled,unwounded
rewed,rewed,rewedwhorish@filler.co.za,,0,Good,enabled,rewed
bratwursts,bratwursts,bratwurstsweanling@filler.co.za,,0,Good,enabled,bratwursts
bowlful,bowlful,bowlfulwainwright@filler.co.za,,0,Good,enabled,bowlful
crawdads,crawdads,crawdadsflowerless@filler.co.za,,0,Good,enabled,crawdads
cowherd,cowherd,cowherdbowwowed@filler.co.za,,0,Good,enabled,cowherd
unwedge,unwedge,unwedgewhipsaws@filler.co.za,,0,Good,enabled,unwedge
unwearied,unwearied,unweariedwainwright@filler.co.za,,0,Good,enabled,unwearied
weatherstripped,weatherstripped,weatherstrippedlowlifes@filler.co.za,,0,Good,enabled,weatherstripped
callowness,callowness,callownessbewhiskered@filler.co.za,,0,Good,enabled,callowness
speedwell,speedwell,speedwellswankiness@filler.co.za,,0,Good,enabled,speedwell
tollways,tollways,tollwayskiwifruits@filler.co.za,,0,Good,enabled,tollways
switchers,switchers,switchersbestrewn@filler.co.za,,0,Good,enabled,switchers
dairywoman,dairywoman,dairywomanalewife@filler.co.za,,0,Good,enabled,dairywoman
wailer,wailer,wailerdewiness@filler.co.za,,0,Good,enabled,wailer
crowfoot,crowfoot,crowfootbloodworm@filler.co.za,,0,Good,enabled,crowfoot
whippers,whippers,whippersdelftware@filler.co.za,,0,Good,enabled,whippers
sweptback,sweptback,sweptbacksawfly@filler.co.za,,0,Good,enabled,sweptback
weatherstripped,weatherstripped,weatherstrippedwhitier@filler.co.za,,0,Good,enabled,weatherstripped
unworkability,unworkability,unworkabilitytwirlier@filler.co.za,,0,Good,enabled,unworkability
windings,windings,windingsdownheartedness@filler.co.za,,0,Good,enabled,windings
workingwoman,workingwoman,workingwomanmugwumps@filler.co.za,,0,Good,enabled,workingwoman
wellheads,wellheads,wellheadswaterless@filler.co.za,,0,Good,enabled,wellheads
sidewinders,sidewinders,sidewinderswained@filler.co.za,,0,Good,enabled,sidewinders
tradeswomen,tradeswomen,tradeswomenrewove@filler.co.za,,0,Good,enabled,tradeswomen
williwaw,williwaw,williwawsweatily@filler.co.za,,0,Good,enabled,williwaw
beechwood,beechwood,beechwoodshews@filler.co.za,,0,Good,enabled,beechwood
resowing,resowing,resowingreweds@filler.co.za,,0,Good,enabled,resowing
noteworthiness,noteworthiness,noteworthinessgreenwood@filler.co.za,,0,Good,enabled,noteworthiness
trackway,trackway,trackwaywhippers@filler.co.za,,0,Good,enabled,trackway
rewove,rewove,rewoveyow@filler.co.za,,0,Good,enabled,rewove
unwarrantably,unwarrantably,unwarrantablybestrewed@filler.co.za,,0,Good,enabled,unwarrantably
dowered,dowered,doweredunweighted@filler.co.za,,0,Good,enabled,dowered
resows,resows,resowswhelming@filler.co.za,,0,Good,enabled,resows
wussies,wussies,wussiesfretsaws@filler.co.za,,0,Good,enabled,wussies
workspace,workspace,workspaceunwholesomeness@filler.co.za,,0,Good,enabled,workspace
waggishly,waggishly,waggishlyseawalls@filler.co.za,,0,Good,enabled,waggishly
wiving,wiving,wivingswappable@filler.co.za,,0,Good,enabled,wiving
straightways,straightways,straightwaysfolkways@filler.co.za,,0,Good,enabled,straightways
winegrower,winegrower,winegrowerwinker@filler.co.za,,0,Good,enabled,winegrower
unwarrantably,unwarrantably,unwarrantablyclimbdown@filler.co.za,,0,Good,enabled,unwarrantably
outdraws,outdraws,outdrawselderflower@filler.co.za,,0,Good,enabled,outdraws
indrawn,indrawn,indrawnresowing@filler.co.za,,0,Good,enabled,indrawn
spelldown,spelldown,spelldownsawfly@filler.co.za,,0,Good,enabled,spelldown
unwearied,unwearied,unweariedunwisdom@filler.co.za,,0,Good,enabled,unwearied
haywain,haywain,haywaingrandnephew@filler.co.za,,0,Good,enabled,haywain
wiretapper,wiretapper,wiretapperclasswork@filler.co.za,,0,Good,enabled,wiretapper
lukewarmly,lukewarmly,lukewarmlyshew@filler.co.za,,0,Good,enabled,lukewarmly
warmheartedness,warmheartedness,warmheartednessrewarming@filler.co.za,,0,Good,enabled,warmheartedness
trowing,trowing,trowingbewitchingly@filler.co.za,,0,Good,enabled,trowing
whooper,whooper,whoopersawbuck@filler.co.za,,0,Good,enabled,whooper
flowcharts,flowcharts,flowchartsweirdie@filler.co.za,,0,Good,enabled,flowcharts
shewn,shewn,shewnresow@filler.co.za,,0,Good,enabled,shewn
woodcarvers,woodcarvers,woodcarversworkforces@filler.co.za,,0,Good,enabled,woodcarvers
snowiness,snowiness,snowinessswitchgear@filler.co.za,,0,Good,enabled,snowiness
reweave,reweave,reweavecakewalks@filler.co.za,,0,Good,enabled,reweave
sweptback,sweptback,sweptbackwainwright@filler.co.za,,0,Good,enabled,sweptback
waspishness,waspishness,waspishnessbuttonwoods@filler.co.za,,0,Good,enabled,waspishness
swineherds,swineherds,swineherdsthews@filler.co.za,,0,Good,enabled,swineherds
downland,downland,downlandgrowlers@filler.co.za,,0,Good,enabled,downland
waverers,waverers,waverersyarrow@filler.co.za,,0,Good,enabled,waverers
weakener,weakener,weakenerswappers@filler.co.za,,0,Good,enabled,weakener
frontward,frontward,frontwardhackwork@filler.co.za,,0,Good,enabled,frontward
metalworking,metalworking,metalworkingwarmness@filler.co.za,,0,Good,enabled,metalworking
cobwebbier,cobwebbier,cobwebbierwindrows@filler.co.za,,0,Good,enabled,cobwebbier
wolfishly,wolfishly,wolfishlytollway@filler.co.za,,0,Good,enabled,wolfishly
bowwow,bowwow,bowwowalewife@filler.co.za,,0,Good,enabled,bowwow
thews,thews,thewsresows@filler.co.za,,0,Good,enabled,thews
whacker,whacker,whackersawbuck@filler.co.za,,0,Good,enabled,whacker
indrawn,indrawn,indrawnsportswriter@filler.co.za,,0,Good,enabled,indrawn
unweighted,unweighted,unweightedbowwow@filler.co.za,,0,Good,enabled,unweighted
glassblowers,glassblowers,glassblowerswhiteheads@filler.co.za,,0,Good,enabled,glassblowers
buttonwood,buttonwood,buttonwoodclasswork@filler.co.za,,0,Good,enabled,buttonwood
whelms,whelms,whelmswides@filler.co.za,,0,Good,enabled,whelms
whacker,whacker,whackermicrobreweries@filler.co.za,,0,Good,enabled,whacker
jimsonweed,jimsonweed,jimsonweedfellowman@filler.co.za,,0,Good,enabled,jimsonweed
wetsuits,wetsuits,wetsuitsbestrew@filler.co.za,,0,Good,enabled,wetsuits
jimsonweed,jimsonweed,jimsonweedwaggishly@filler.co.za,,0,Good,enabled,jimsonweed
cowled,cowled,cowledcookwares@filler.co.za,,0,Good,enabled,cowled
metalworking,metalworking,metalworkingwicketkeeping@filler.co.za,,0,Good,enabled,metalworking
tawdrily,tawdrily,tawdrilypewit@filler.co.za,,0,Good,enabled,tawdrily
swineherds,swineherds,swineherdscrawdads@filler.co.za,,0,Good,enabled,swineherds
wakings,wakings,wakingswouldst@filler.co.za,,0,Good,enabled,wakings
bewitchment,bewitchment,bewitchmentunwounded@filler.co.za,,0,Good,enabled,bewitchment
pewit,pewit,pewitwained@filler.co.za,,0,Good,enabled,pewit
yow,yow,yowwhorish@filler.co.za,,0,Good,enabled,yow
scrawlier,scrawlier,scrawlierflyway@filler.co.za,,0,Good,enabled,scrawlier
unwounded,unwounded,unwoundedunlawfulness@filler.co.za,,0,Good,enabled,unwounded
pantywaists,pantywaists,pantywaistsschoolfellow@filler.co.za,,0,Good,enabled,pantywaists
dowers,dowers,dowerstideway@filler.co.za,,0,Good,enabled,dowers
upwelling,upwelling,upwellingcodewords@filler.co.za,,0,Good,enabled,upwelling
schoolfellows,schoolfellows,schoolfellowsyarrow@filler.co.za,,0,Good,enabled,schoolfellows
cowherd,cowherd,cowherdcommitteewomen@filler.co.za,,0,Good,enabled,cowherd
rewedding,rewedding,reweddingregrows@filler.co.za,,0,Good,enabled,rewedding
fawner,fawner,fawnerwrights@filler.co.za,,0,Good,enabled,fawner
whilom,whilom,whilomtwaddler@filler.co.za,,0,Good,enabled,whilom
stepwise,stepwise,stepwisespewer@filler.co.za,,0,Good,enabled,stepwise
sidewards,sidewards,sidewardscrawlies@filler.co.za,,0,Good,enabled,sidewards
twirlier,twirlier,twirliertideways@filler.co.za,,0,Good,enabled,twirlier